Child,count,mean,std,min,25%,50%,75%,max
Василиса,3634.0,4.585663181067694,3.9524015147639693,0.0,1.3333333333333333,2.183333333333333,9.1,12.0
Забава,2796.0,2.9653373867429655,3.193639282052275,0.08333333333333333,0.8333333333333334,1.7666666666666666,2.9833333333333334,11.7
